{
  "project_info": {
    "project_number": "139632143180",
    "project_id": "login-and-registration-d6a9e",
    "storage_bucket": "login-and-registration-d6a9e.appspot.com"
  },
  "client": [
    {
      "client_info": {
        "mobilesdk_app_id": "1:139632143180:android:5a2266ea306d789c003de9",
        "android_client_info": {
          "package_name": "com.example.loginsignup"
        }
      },
      "oauth_client": [
        {
          "client_id": "139632143180-gcs5ull2k7ir6th157abahbe7a3nl1r1.apps.googleusercontent.com",
          "client_type": 3
        }
      ],
      "api_key": [
        {
          "current_key": "AIzaSyAFLvPPxKZ7XJCRbvwuR2odQP7UMxpr6eg"
        }
      ],
      "services": {
        "appinvite_service": {
          "other_platform_oauth_client": [
            {
              "client_id": "139632143180-gcs5ull2k7ir6th157abahbe7a3nl1r1.apps.googleusercontent.com",
              "client_type": 3
            }
          ]
        }
      }
    }
  ],
  "configuration_version": "1"
}